directory,gameId
game000001.mat,1365
game000002.mat,1366
game000003.mat,1368
game000004.mat,1367
game000005.mat,1373
game000006.mat,1372
game000007.mat,1375
game000008.mat,1370
game000009.mat,1371
game000010.mat,1374
game000011.mat,1369
game000012.mat,1380
game000013.mat,1379
game000014.mat,1377
game000015.mat,1378
game000016.mat,1376
game000017.mat,1394
game000018.mat,1385
game000019.mat,1392
game000020.mat,1391
game000021.mat,1387
game000022.mat,1388
game000023.mat,1382
game000024.mat,1386
game000025.mat,1390
game000026.mat,1383
game000027.mat,1384
game000028.mat,1393
game000029.mat,1389
game000030.mat,1381
game000031.mat,1395
game000032.mat,1398
game000033.mat,1399
game000034.mat,1396
game000035.mat,1400
game000036.mat,1397
game000037.mat,1407
game000038.mat,1405
game000039.mat,1403
game000040.mat,1401
game000041.mat,1404
game000042.mat,1408
game000043.mat,1406
game000044.mat,1409
game000045.mat,1402
game000046.mat,1413
game000047.mat,1412
game000048.mat,1411
game000049.mat,1410
game000050.mat,1419
game000051.mat,1416
game000052.mat,1418
game000053.mat,1421
game000054.mat,1414
game000055.mat,1417
game000056.mat,1415
game000057.mat,1420
game000058.mat,1424
game000059.mat,1425
game000060.mat,1427
game000061.mat,1428
game000062.mat,1422
game000063.mat,1426
game000064.mat,1423
game000065.mat,1438
game000066.mat,1431
game000067.mat,1434
game000068.mat,1436
game000069.mat,1432
game000070.mat,1429
game000071.mat,1437
game000072.mat,1430
game000073.mat,1435
game000074.mat,1433
game000075.mat,1443
game000076.mat,1442
game000077.mat,1441
game000078.mat,1439
game000079.mat,1440
game000080.mat,1444
game000081.mat,1445
game000082.mat,1448
game000083.mat,1446
game000084.mat,1447
game000085.mat,1449
game000086.mat,1450
game000087.mat,1451
game000088.mat,1455
game000089.mat,1454
game000090.mat,1453
game000091.mat,1452
game000092.mat,1459
game000093.mat,1456
game000094.mat,1460
game000095.mat,1457
game000096.mat,1461
game000097.mat,1463
game000098.mat,1458
game000099.mat,1462
game000100.mat,1480
game000101.mat,1484
game000102.mat,1482
game000103.mat,1479
game000104.mat,1481
game000105.mat,1483
game000106.mat,1464
game000107.mat,1467
game000108.mat,1475
game000109.mat,1473
game000110.mat,1474
game000111.mat,1471
game000112.mat,1465
game000113.mat,1469
game000114.mat,1468
game000115.mat,1470
game000116.mat,1472
game000117.mat,1466
game000118.mat,1477
game000119.mat,1478
game000120.mat,1476
game000121.mat,1487
game000122.mat,1486
game000123.mat,1485
game000124.mat,1496
game000125.mat,1488
game000126.mat,1490
game000127.mat,1491
game000128.mat,1489
game000129.mat,1492
game000130.mat,1494
game000131.mat,1495
game000132.mat,1497
game000133.mat,1493
game000134.mat,1498
game000135.mat,1500
game000136.mat,1499
game000137.mat,1505
game000138.mat,1503
game000139.mat,1501
game000140.mat,1506
game000141.mat,1504
game000142.mat,1508
game000143.mat,1502
game000144.mat,1507
game000145.mat,1514
game000146.mat,1511
game000147.mat,1515
game000148.mat,1512
game000149.mat,1516
game000150.mat,1513
game000151.mat,1509
game000152.mat,1510
game000153.mat,1517
game000154.mat,1523
game000155.mat,1527
game000156.mat,1522
game000157.mat,1526
game000158.mat,1520
game000159.mat,1518
game000160.mat,1521
game000161.mat,1519
game000162.mat,1525
game000163.mat,1524
game000164.mat,1531
game000165.mat,1532
game000166.mat,1528
game000167.mat,1529
game000168.mat,1530
game000169.mat,1533
game000170.mat,1534
game000171.mat,1535
game000172.mat,1544
game000173.mat,1542
game000174.mat,1536
game000175.mat,1541
game000176.mat,1537
game000177.mat,1539
game000178.mat,1543
game000179.mat,1540
game000180.mat,1538
game000181.mat,1548
game000182.mat,1547
game000183.mat,1546
game000184.mat,1545
game000185.mat,1550
game000186.mat,1556
game000187.mat,1555
game000188.mat,1557
game000189.mat,1553
game000190.mat,1551
game000191.mat,1554
game000192.mat,1549
game000193.mat,1552
game000194.mat,1563
game000195.mat,1559
game000196.mat,1560
game000197.mat,1558
game000198.mat,1561
game000199.mat,1562
game000200.mat,1574
game000201.mat,1566
game000202.mat,1565
game000203.mat,1572
game000204.mat,1568
game000205.mat,1569
game000206.mat,1573
game000207.mat,1570
game000208.mat,1571
game000209.mat,1567
game000210.mat,1564
game000211.mat,1577
game000212.mat,1575
game000213.mat,1578
game000214.mat,1576
game000215.mat,1579
game000216.mat,1590
game000217.mat,1585
game000218.mat,1581
game000219.mat,1586
game000220.mat,1582
game000221.mat,1591
game000222.mat,1587
game000223.mat,1580
game000224.mat,1589
game000225.mat,1583
game000226.mat,1588
game000227.mat,1584
game000228.mat,1593
game000229.mat,1592
game000230.mat,1600
game000231.mat,1599
game000232.mat,1594
game000233.mat,1604
game000234.mat,1597
game000235.mat,1602
game000236.mat,1605
game000237.mat,1595
game000238.mat,1601
game000239.mat,1598
game000240.mat,1603
game000241.mat,1596
game000242.mat,1606
game000243.mat,1607
game000244.mat,1609
game000245.mat,1608
game000246.mat,1618
game000247.mat,1620
game000248.mat,1614
game000249.mat,1611
game000250.mat,1622
game000251.mat,1615
game000252.mat,1621
game000253.mat,1610
game000254.mat,1617
game000255.mat,1616
game000256.mat,1612
game000257.mat,1613
game000258.mat,1619
game000259.mat,1624
game000260.mat,1623
game000261.mat,1626
game000262.mat,1625
game000263.mat,1628
game000264.mat,1629
game000265.mat,1627
game000266.mat,1630
game000267.mat,1637
game000268.mat,1636
game000269.mat,1632
game000270.mat,1633
game000271.mat,1635
game000272.mat,1638
game000273.mat,1631
game000274.mat,1634
game000275.mat,1641
game000276.mat,1639
game000277.mat,1640
game000278.mat,1649
game000279.mat,1646
game000280.mat,1650
game000281.mat,1647
game000282.mat,1644
game000283.mat,1645
game000284.mat,1642
game000285.mat,1648
game000286.mat,1643
game000287.mat,1655
game000288.mat,1653
game000289.mat,1654
game000290.mat,1656
game000291.mat,1652
game000292.mat,1651
game000293.mat,1659
game000294.mat,1663
game000295.mat,1665
game000296.mat,1667
game000297.mat,1662
game000298.mat,1664
game000299.mat,1666
game000300.mat,1660
game000301.mat,1658
game000302.mat,1661
game000303.mat,1657
game000304.mat,1668
game000305.mat,1671
game000306.mat,1670
game000307.mat,1669
game000308.mat,1676
game000309.mat,1674
game000310.mat,1678
game000311.mat,1675
game000312.mat,1677
game000313.mat,1673
game000314.mat,1672
game000315.mat,1680
game000316.mat,1679
game000317.mat,1691
game000318.mat,1689
game000319.mat,1682
game000320.mat,1693
game000321.mat,1686
game000322.mat,1690
game000323.mat,1683
game000324.mat,1681
game000325.mat,1692
game000326.mat,1688
game000327.mat,1684
game000328.mat,1687
game000329.mat,1685
game000330.mat,1711
game000331.mat,1717
game000332.mat,1709
game000333.mat,1714
game000334.mat,1712
game000335.mat,1707
game000336.mat,1715
game000337.mat,1706
game000338.mat,1713
game000339.mat,1710
game000340.mat,1716
game000341.mat,1708
game000342.mat,1700
game000343.mat,1699
game000344.mat,1704
game000345.mat,1705
game000346.mat,1701
game000347.mat,1698
game000348.mat,1696
game000349.mat,1697
game000350.mat,1703
game000351.mat,1694
game000352.mat,1702
game000353.mat,1695
game000354.mat,1718
game000355.mat,1721
game000356.mat,1720
game000357.mat,1722
game000358.mat,1723
game000359.mat,1729
game000360.mat,1727
game000361.mat,1725
game000362.mat,1724
game000363.mat,1731
game000364.mat,1728
game000365.mat,1730
game000366.mat,1726
game000367.mat,1733
game000368.mat,1732
game000369.mat,1736
game000370.mat,1735
game000371.mat,1737
game000372.mat,1734
game000373.mat,1743
game000374.mat,1742
game000375.mat,1739
game000376.mat,1746
game000377.mat,1744
game000378.mat,1740
game000379.mat,1745
game000380.mat,1741
game000381.mat,1747
game000382.mat,1751
game000383.mat,1752
game000384.mat,1749
game000385.mat,1748
game000386.mat,1753
game000387.mat,1750
game000388.mat,1763
game000389.mat,1761
game000390.mat,1762
game000391.mat,1759
game000392.mat,1758
game000393.mat,1757
game000394.mat,1756
game000395.mat,1764
game000396.mat,1760
game000397.mat,1755
game000398.mat,1765
game000399.mat,1769
game000400.mat,1767
game000401.mat,1768
game000402.mat,1770
game000403.mat,1771
game000404.mat,1766
game000405.mat,1774
game000406.mat,1773
game000407.mat,1772
game000408.mat,1780
game000409.mat,1782
game000410.mat,1777
game000411.mat,1776
game000412.mat,1778
game000413.mat,1781
game000414.mat,1775
game000415.mat,1779
game000416.mat,1783
game000417.mat,1784
game000418.mat,1787
game000419.mat,1786
game000420.mat,1785
game000421.mat,1794
game000422.mat,1793
game000423.mat,1792
game000424.mat,1788
game000425.mat,1789
game000426.mat,1791
game000427.mat,1790
game000428.mat,1801
game000429.mat,1795
game000430.mat,1796
game000431.mat,1799
game000432.mat,1800
game000433.mat,1798
game000434.mat,1797
game000435.mat,1809
game000436.mat,1808
game000437.mat,1807
game000438.mat,1802
game000439.mat,1803
game000440.mat,1811
game000441.mat,1806
game000442.mat,1810
game000443.mat,1804
game000444.mat,1805
game000445.mat,1813
game000446.mat,1812
game000447.mat,1814
game000448.mat,1819
game000449.mat,1815
game000450.mat,1818
game000451.mat,1817
game000452.mat,1816
game000453.mat,1824
game000454.mat,1831
game000455.mat,1827
game000456.mat,1830
game000457.mat,1823
game000458.mat,1822
game000459.mat,1821
game000460.mat,1826
game000461.mat,1829
game000462.mat,1825
game000463.mat,1828
game000464.mat,1832
game000465.mat,1833
game000466.mat,1835
game000467.mat,1845
game000468.mat,1843
game000469.mat,1842
game000470.mat,1836
game000471.mat,1839
game000472.mat,1840
game000473.mat,1844
game000474.mat,1841
game000475.mat,1838
game000476.mat,1837
game000477.mat,1846
game000478.mat,1848
game000479.mat,1851
game000480.mat,1849
game000481.mat,1847
game000482.mat,1850
game000483.mat,1855
game000484.mat,1856
game000485.mat,1853
game000486.mat,1852
game000487.mat,1861
game000488.mat,1854
game000489.mat,1859
game000490.mat,1858
game000491.mat,1860
game000492.mat,1857
game000493.mat,1865
game000494.mat,1863
game000495.mat,1864
game000496.mat,1862
game000497.mat,1866
game000498.mat,1868
game000499.mat,1870
game000500.mat,1873
game000501.mat,1872
game000502.mat,1869
game000503.mat,1874
game000504.mat,1875
game000505.mat,1881
game000506.mat,1885
game000507.mat,1876
game000508.mat,1884
game000509.mat,1879
game000510.mat,1883
game000511.mat,1886
game000512.mat,1887
game000513.mat,1890
game000514.mat,1894
game000515.mat,1893
game000516.mat,1888
game000517.mat,1892
game000518.mat,1901
game000519.mat,1903
game000520.mat,1902
game000521.mat,1900
game000522.mat,1898
game000523.mat,1897
game000524.mat,1909
game000525.mat,1907
game000526.mat,1908
game000527.mat,1905
game000528.mat,1906
game000529.mat,1917
game000530.mat,1916
game000531.mat,1918
game000532.mat,1914
game000533.mat,1915
game000534.mat,1911
game000535.mat,1910
game000536.mat,1922
game000537.mat,1923
game000538.mat,1924
game000539.mat,1920
game000540.mat,1932
game000541.mat,1929
game000542.mat,1931
game000543.mat,1928
game000544.mat,1926
game000545.mat,1933
game000546.mat,1947
game000547.mat,1946
game000548.mat,1935
game000549.mat,1944
game000550.mat,1938
game000551.mat,1941
game000552.mat,1939
game000553.mat,1936
game000554.mat,1937
game000555.mat,1945
game000556.mat,1949
game000557.mat,1950
game000558.mat,1951
game000559.mat,1964
game000560.mat,1963
game000561.mat,1960
game000562.mat,1962
game000563.mat,1961
game000564.mat,1955
game000565.mat,1954
game000566.mat,1956
game000567.mat,1957
game000568.mat,1959
game000569.mat,1958
game000570.mat,1968
game000571.mat,1965
game000572.mat,1966
game000573.mat,1967
game000574.mat,1969
game000575.mat,1974
game000576.mat,1976
game000577.mat,1971
game000578.mat,1972
game000579.mat,1975
game000580.mat,1973
game000581.mat,1979
game000582.mat,1978
game000583.mat,1980
game000584.mat,1982
game000585.mat,1981
game000586.mat,1986
game000587.mat,1989
game000588.mat,1984
game000589.mat,1985
game000590.mat,1992
game000591.mat,1991
game000592.mat,1988
game000593.mat,1983
game000594.mat,1993
game000595.mat,1995
game000596.mat,1998
game000597.mat,1996
game000598.mat,1994
game000599.mat,1999
game000600.mat,2002
game000601.mat,2001
game000602.mat,2000
game000603.mat,2006
game000604.mat,2010
game000605.mat,2005
game000606.mat,2008
game000607.mat,2004
game000608.mat,2007
game000609.mat,2009
game000610.mat,2012
game000611.mat,2011
game000612.mat,2013
game000613.mat,2018
game000614.mat,2017
game000615.mat,2021
game000616.mat,2022
game000617.mat,2020
game000618.mat,2019
game000619.mat,2015
game000620.mat,2016
game000621.mat,2033
game000622.mat,2034
game000623.mat,2036
game000624.mat,2035
game000625.mat,2037
game000626.mat,2031
game000627.mat,2028
game000628.mat,2030
game000629.mat,2029
game000630.mat,2023
game000631.mat,2025
game000632.mat,2026
game000633.mat,2039
game000634.mat,2041
game000635.mat,2045
game000636.mat,2043
game000637.mat,2042
game000638.mat,2044
game000639.mat,2040
game000640.mat,2048
game000641.mat,2046
game000642.mat,2050
game000643.mat,2047
game000644.mat,2055
game000645.mat,2051
game000646.mat,2058
game000647.mat,2056
game000648.mat,2053
game000649.mat,2052
game000650.mat,2054
game000651.mat,2060
game000652.mat,2061
game000653.mat,2059
game000654.mat,2066
game000655.mat,2065
game000656.mat,2067
game000657.mat,2069
game000658.mat,2071
game000659.mat,2068
game000660.mat,2063
game000661.mat,2064
game000662.mat,2062
game000663.mat,2072
game000664.mat,2074
game000665.mat,2077
game000666.mat,2082
game000667.mat,2086
game000668.mat,2087
game000669.mat,2079
game000670.mat,2081
game000671.mat,2084
game000672.mat,2088
game000673.mat,2083
game000674.mat,2078
game000675.mat,2091
game000676.mat,2093
game000677.mat,2090
game000678.mat,2092
game000679.mat,2099
game000680.mat,2095
game000681.mat,2097
game000682.mat,2098
game000683.mat,2094
game000684.mat,2096
game000685.mat,2100
game000686.mat,2106
game000687.mat,2104
game000688.mat,2103
game000689.mat,2102
game000690.mat,2108
game000691.mat,2101
game000692.mat,2107
game000693.mat,2105
game000694.mat,2112
game000695.mat,2111
game000696.mat,2110
game000697.mat,2109
game000698.mat,2122
game000699.mat,2121
game000700.mat,2120
game000701.mat,2123
game000702.mat,2115
game000703.mat,2116
game000704.mat,2114
game000705.mat,2117
game000706.mat,2119
game000707.mat,2113
game000708.mat,2125
game000709.mat,2127
game000710.mat,2126
game000711.mat,2139
game000712.mat,2138
game000713.mat,2136
game000714.mat,2132
game000715.mat,2129
game000716.mat,2131
game000717.mat,2135
game000718.mat,2134
game000719.mat,2141
game000720.mat,2142
game000721.mat,2140
game000722.mat,2154
game000723.mat,2146
game000724.mat,2151
game000725.mat,2147
game000726.mat,2145
game000727.mat,2150
game000728.mat,2149
game000729.mat,2155
game000730.mat,2157
game000731.mat,2158
game000732.mat,2156
game000733.mat,2160
game000734.mat,2162
game000735.mat,2159
game000736.mat,2161
game000737.mat,2165
game000738.mat,2170
game000739.mat,2171
game000740.mat,2163
game000741.mat,2172
game000742.mat,2167
game000743.mat,2174
game000744.mat,2173
game000745.mat,2168
game000746.mat,2176
game000747.mat,2175
game000748.mat,2177
game000749.mat,2183
game000750.mat,2179
game000751.mat,2186
game000752.mat,2181
game000753.mat,2178
game000754.mat,2185
game000755.mat,2182
game000756.mat,2193
game000757.mat,2190
game000758.mat,2188
game000759.mat,2187
game000760.mat,2191
game000761.mat,2189
game000762.mat,2192
game000763.mat,2203
game000764.mat,2195
game000765.mat,2194
game000766.mat,2199
game000767.mat,2196
game000768.mat,2202
game000769.mat,2204
game000770.mat,2205
game000771.mat,2208
game000772.mat,2207
game000773.mat,2210
game000774.mat,2212
game000775.mat,2209
game000776.mat,2215
game000777.mat,2214
game000778.mat,2211
game000779.mat,2213
game000780.mat,2223
game000781.mat,2219
game000782.mat,2220
game000783.mat,2222
game000784.mat,2217
game000785.mat,2216
game000786.mat,2221
game000787.mat,2218
game000788.mat,2225
game000789.mat,2226
game000790.mat,2224
game000791.mat,2237
game000792.mat,2234
game000793.mat,2230
game000794.mat,2236
game000795.mat,2228
game000796.mat,2233
game000797.mat,2235
game000798.mat,2229
game000799.mat,2232
game000800.mat,2231
game000801.mat,2227
game000802.mat,2240
game000803.mat,2238
game000804.mat,2241
game000805.mat,2239
game000806.mat,2242
game000807.mat,2249
game000808.mat,2251
game000809.mat,2245
game000810.mat,2248
game000811.mat,2247
game000812.mat,2244
game000813.mat,2250
game000814.mat,2243
game000815.mat,2246
game000816.mat,2254
game000817.mat,2253
game000818.mat,2257
game000819.mat,2255
game000820.mat,2252
game000821.mat,2256
game000822.mat,2259
game000823.mat,2258
game000824.mat,2260
game000825.mat,2261
game000826.mat,2266
game000827.mat,2265
game000828.mat,2270
game000829.mat,2268
game000830.mat,2264
game000831.mat,2267
game000832.mat,2262
game000833.mat,2269
game000834.mat,2263
game000835.mat,2274
game000836.mat,2271
game000837.mat,2272
game000838.mat,2273
game000839.mat,2278
game000840.mat,2277
game000841.mat,2284
game000842.mat,2275
game000843.mat,2276
game000844.mat,2280
game000845.mat,2282
game000846.mat,2279
game000847.mat,2283
game000848.mat,2281
game000849.mat,2287
game000850.mat,2289
game000851.mat,2288
game000852.mat,2286
game000853.mat,2285
game000854.mat,2290
game000855.mat,2298
game000856.mat,2296
game000857.mat,2293
game000858.mat,2294
game000859.mat,2297
game000860.mat,2291
game000861.mat,2295
game000862.mat,2292
game000863.mat,2300
game000864.mat,2304
game000865.mat,2305
game000866.mat,2303
game000867.mat,2301
game000868.mat,2302
game000869.mat,2299
game000870.mat,2308
game000871.mat,2306
game000872.mat,2307
game000873.mat,2310
game000874.mat,2311
game000875.mat,2309
game000876.mat,2313
game000877.mat,2312
game000878.mat,2318
game000879.mat,2317
game000880.mat,2315
game000881.mat,2319
game000882.mat,2320
game000883.mat,2314
game000884.mat,2316
game000885.mat,2322
game000886.mat,2323
game000887.mat,2321
game000888.mat,2333
game000889.mat,2325
game000890.mat,2324
game000891.mat,2326
game000892.mat,2332
game000893.mat,2328
game000894.mat,2335
game000895.mat,2330
game000896.mat,2331
game000897.mat,2327
game000898.mat,2334
game000899.mat,2329
game000900.mat,2337
game000901.mat,2338
game000902.mat,2336
game000903.mat,2342
game000904.mat,2345
game000905.mat,2347
game000906.mat,2341
game000907.mat,2348
game000908.mat,2339
game000909.mat,2343
game000910.mat,2340
game000911.mat,2344
game000912.mat,2349
game000913.mat,2346
game000914.mat,2353
game000915.mat,2350
game000916.mat,2354
game000917.mat,2351
game000918.mat,2352
game000919.mat,2355
game000920.mat,2360
game000921.mat,2357
game000922.mat,2358
game000923.mat,2359
game000924.mat,2356
game000925.mat,2362
game000926.mat,2361
game000927.mat,2368
game000928.mat,2367
game000929.mat,2365
game000930.mat,2369
game000931.mat,2363
game000932.mat,2364
game000933.mat,2366
game000934.mat,2370
game000935.mat,2375
game000936.mat,2374
game000937.mat,2372
game000938.mat,2373
game000939.mat,2371
game000940.mat,2376
game000941.mat,2378
game000942.mat,2377
game000943.mat,2381
game000944.mat,2382
game000945.mat,2380
game000946.mat,2379
game000947.mat,2385
game000948.mat,2387
game000949.mat,2384
game000950.mat,2383
game000951.mat,2397
game000952.mat,2389
game000953.mat,2391
game000954.mat,2392
game000955.mat,2398
game000956.mat,2396
game000957.mat,2390
game000958.mat,2394
game000959.mat,2395
game000960.mat,2393
game000961.mat,2399
game000962.mat,2400
game000963.mat,2401
game000964.mat,2402
game000965.mat,2404
game000966.mat,2405
game000967.mat,2407
game000968.mat,2410
game000969.mat,2411
game000970.mat,2413
game000971.mat,2415
game000972.mat,2414
game000973.mat,2409
game000974.mat,2412
game000975.mat,2420
game000976.mat,2417
game000977.mat,2422
game000978.mat,2418
game000979.mat,2419
game000980.mat,2421
game000981.mat,2424
game000982.mat,2425
game000983.mat,2426
game000984.mat,2423
game000985.mat,2430
game000986.mat,2428
game000987.mat,2433
game000988.mat,2434
game000989.mat,2432
game000990.mat,2431
game000991.mat,2435
game000992.mat,2447
game000993.mat,2440
game000994.mat,2438
game000995.mat,2442
game000996.mat,2441
game000997.mat,2439
game000998.mat,2437
game000999.mat,2445
game001000.mat,2446
game001001.mat,2448
game001002.mat,2454
game001003.mat,2451
game001004.mat,2453
game001005.mat,2452
game001006.mat,2450
game001007.mat,2457
game001008.mat,2455
game001009.mat,2458
game001010.mat,2456
game001011.mat,2461
game001012.mat,2459
game001013.mat,2463
game001014.mat,2467
game001015.mat,2465
game001016.mat,2460
game001017.mat,2468
game001018.mat,2464
game001019.mat,2462
game001020.mat,2470
game001021.mat,2474
game001022.mat,2477
game001023.mat,2481
game001024.mat,2478
game001025.mat,2475
game001026.mat,2472
game001027.mat,2479
game001028.mat,2476
game001029.mat,2483
game001030.mat,2484
game001031.mat,2482
game001032.mat,2491
game001033.mat,2489
game001034.mat,2498
game001035.mat,2488
game001036.mat,2497
game001037.mat,2492
game001038.mat,2487
game001039.mat,2490
game001040.mat,2496
game001041.mat,2486
game001042.mat,2493
game001043.mat,2485
game001044.mat,2501
game001045.mat,2500
game001046.mat,2507
game001047.mat,2504
game001048.mat,2503
game001049.mat,2508
game001050.mat,2506
game001051.mat,2509
game001052.mat,2505
game001053.mat,2502
game001054.mat,2512
game001055.mat,2515
game001056.mat,2516
game001057.mat,2513
game001058.mat,2517
game001059.mat,2518
game001060.mat,2514
game001061.mat,2521
game001062.mat,2519
game001063.mat,2520
game001064.mat,2530
game001065.mat,2526
game001066.mat,2524
game001067.mat,2525
game001068.mat,2528
game001069.mat,2522
game001070.mat,2531
game001071.mat,2533
game001072.mat,2534
game001073.mat,2532
game001074.mat,2536
game001075.mat,2535
game001076.mat,2543
game001077.mat,2547
game001078.mat,2539
game001079.mat,2540
game001080.mat,2542
game001081.mat,2541
game001082.mat,2538
game001083.mat,2537
game001084.mat,2545
game001085.mat,2546
game001086.mat,2548
game001087.mat,2552
game001088.mat,2551
game001089.mat,2549
game001090.mat,2550
game001091.mat,2556
game001092.mat,2555
game001093.mat,2557
game001094.mat,2554
game001095.mat,2553
game001096.mat,2566
game001097.mat,2559
game001098.mat,2558
game001099.mat,2564
game001100.mat,2562
game001101.mat,2567
game001102.mat,2560
game001103.mat,2563
game001104.mat,2565
game001105.mat,2561
game001106.mat,2568
game001107.mat,2570
game001108.mat,2571
game001109.mat,2569
game001110.mat,2583
game001111.mat,2579
game001112.mat,2581
game001113.mat,2572
game001114.mat,2578
game001115.mat,2577
game001116.mat,2574
game001117.mat,2576
game001118.mat,2580
game001119.mat,2573
game001120.mat,2575
game001121.mat,2582
game001122.mat,2584
game001123.mat,2585
game001124.mat,2589
game001125.mat,2600
game001126.mat,2595
game001127.mat,2592
game001128.mat,2590
game001129.mat,2594
game001130.mat,2587
game001131.mat,2598
game001132.mat,2597
game001133.mat,2586
game001134.mat,2588
game001135.mat,2591
game001136.mat,2593
game001137.mat,2599
game001138.mat,2596
game001139.mat,2602
game001140.mat,2601
